TSNE1,TSNE2,Label
-53.461193,-3.0716722,
9.113185,30.210783,
-10.503522,11.026876,
-18.1988,19.262392,
-36.16832,35.399666,
-13.168767,-47.99421,
17.32874,6.376823,
12.346952,-31.201256,
2.05061,-2.2813132,
52.392338,9.068784,
-18.243637,39.801773,
39.81834,-38.353386,
-54.113144,4.7174845,
-6.406157,-47.32192,
40.959633,11.653479,
15.210322,-11.39096,
35.236427,-1.1682483,
55.406948,16.518402,
-38.519592,30.230627,
38.32716,-6.7230535,
49.498737,13.907009,
21.614246,24.955233,
-0.77792996,28.988806,
46.2898,-34.49886,
46.740013,5.5761886,
-39.030144,24.741863,
-15.444249,-48.65124,
10.194182,-10.799876,
12.300449,-28.847727,
-43.09706,7.271022,
-5.8112187,-27.193521,
30.284641,-9.298257,
24.086992,5.7395453,
-58.33746,10.658042,
12.571716,-30.774004,
27.546238,-23.396494,
-34.048428,32.878666,
-15.86187,40.61564,
27.79059,-20.729858,
4.752312,17.05875,1.0
39.30338,15.891359,
0.13900055,0.09424953,
38.785694,-18.244543,
13.55912,13.71614,
-23.052906,-48.659527,
-29.809698,15.877527,
47.31519,-0.8344259,
35.28317,13.657449,
28.882353,7.5670176,
-31.293867,21.066137,
-17.954601,-39.368656,
4.5286117,-19.809418,
49.992596,17.737328,
-34.685898,-3.2024057,
3.3743856,19.942278,1.0
-28.278093,34.60084,
-50.03253,4.739044,
-11.164133,-39.168915,
-16.669416,-38.66863,
38.191135,18.763617,
25.798538,-24.29192,
-13.595851,9.044331,
24.694216,-15.463598,
-5.421187,-40.752388,
8.19385,0.27992156,
1.3537631,18.029253,
4.6138196,-19.091318,
-12.381499,41.693604,
30.386831,8.190616,
18.548376,-20.042257,
-33.480297,1.4475683,
15.66441,2.118375,
-35.901638,-1.4774994,
6.7574673,-14.431228,
30.053785,-8.223653,
21.704771,5.438403,
41.410965,-38.50451,
-42.348656,-2.9251766,
30.356976,7.0706353,
-7.9779444,-41.319103,
-8.968466,-52.5632,
10.306957,18.018751,
-21.928326,38.74118,
-46.317886,3.4473004,
-33.77976,-2.115473,
40.26887,18.459188,
-16.68525,39.671825,7.0
34.689453,5.3812995,
34.860493,-0.95291257,
22.065363,-31.404676,
31.512177,19.371,
23.746338,2.495604,
33.136364,9.894315,
54.26749,9.590591,
-30.73905,35.65796,
-48.53205,16.959604,3.0
-25.489254,23.00223,
2.0079246,19.037699,
-56.600586,13.345525,
18.029396,-11.547596,
24.92427,17.5784,
40.817585,-31.484499,
31.306852,23.899923,
-51.591232,17.032606,
4.4867554,-11.467689,
19.400347,0.68872476,
-20.743984,-38.866978,
33.541412,6.355179,
35.973824,13.672309,
30.123352,13.839547,1.0
-39.510414,-7.2114205,
-32.579815,39.108597,
21.86205,16.265797,
-54.727848,5.7555695,
26.703707,-29.370653,9.0
-18.691284,-52.01149,
-13.944592,5.892139,
-39.04791,36.681717,
-8.777937,-46.479557,
-22.06861,20.455118,
-8.436154,-50.45958,
-1.5824137,-26.340073,
3.2868118,3.267759,
5.5298343,5.098557,
-49.147114,19.764416,
3.1188455,28.275764,
-11.527141,37.006466,
-28.45311,15.138693,
-35.912006,41.109077,
24.032373,24.57044,
-21.815838,23.136786,
26.196377,-26.371069,
-46.35923,18.155102,
-20.275944,-39.23151,
46.49372,8.57872,
-15.964436,37.484837,
20.484467,11.466543,
4.9267445,-23.81147,
-37.05903,14.593532,
8.855627,-15.355649,
11.767077,1.1108456,
19.588314,6.696679,
-28.584633,34.05348,
-60.250046,-0.70962846,
-11.779138,-40.188072,
-13.589391,-40.05782,
-35.36466,-0.28285494,
-48.9621,13.816377,
5.0969396,29.282536,
-19.83346,-45.315887,
-15.001387,8.118799,
-27.58921,18.398502,
-16.700882,-42.813515,
50.07755,11.171774,
10.366437,-2.4093983,
-49.91166,-0.31163526,
-25.360802,38.911217,
15.761417,-12.167468,
-12.865238,-39.87667,
28.838743,-14.589814,
-9.879616,35.41259,
0.21967259,-6.9458957,
38.92448,10.455088,
-14.372073,-53.952587,
44.701225,5.487917,
12.567669,-27.986063,
-33.776005,-2.7236664,
45.22437,15.196926,
2.2091243,-19.353584,
1.3656853,-36.87507,
44.72963,-32.649303,
-18.90067,40.73642,
28.195326,-34.468727,
30.707409,-10.167955,
-55.22826,13.913144,
-24.548523,20.353243,
22.199783,22.632936,
17.293713,-29.11167,
-12.562558,6.831493,
-12.296254,-40.09947,
-22.259356,39.220192,
-20.359417,41.68156,
9.992669,-1.8651452,0.0
50.754997,8.85588,
-39.61644,33.11777,
24.737213,14.135562,
16.74134,-28.44157,
44.09929,-0.6646716,
2.5260441,-35.84795,
-30.409336,13.34321,
-45.966587,9.316941,
34.147297,-18.398617,
-16.379847,37.551052,
-7.229974,-49.92961,
54.458534,15.819441,
27.483723,-19.180483,
-11.6122265,-52.21046,
24.834265,5.18581,
-32.325108,13.771576,
29.384829,26.159391,
-20.363684,7.9048066,
-42.354134,4.274115,
-10.146206,-44.286007,
-13.552971,-38.679684,
4.0246086,-29.298475,
-46.02561,27.057745,
32.119675,-33.536697,
-10.078975,-44.501915,
33.268505,-38.888596,
9.001288,-0.6400796,
22.361813,-35.483932,
0.28716263,27.35551,
43.079666,-37.51194,4.0
-50.440563,4.176934,
-7.4863086,8.430888,
-21.741343,-52.088253,
41.836643,-34.998447,
-39.293217,28.901142,
37.584473,18.833784,
10.366989,1.0648901,
-54.041294,4.668078,
-59.321014,10.285877,0.0
-41.918137,-8.194691,
-26.806452,39.685265,
-57.424347,5.439843,4.0
30.379171,9.243223,
5.466495,5.2541027,
-20.33303,21.72716,
5.290698,29.69651,
32.656296,-17.813093,
28.891418,27.508001,
-34.631294,37.199924,2.0
29.918121,18.930326,
3.7654142,-2.4940064,
6.746734,-4.7346573,
6.518313,-38.34721,
13.208139,-13.534721,
-54.510296,6.5730667,1.0
-26.45338,41.87253,
-9.281676,-42.457047,
30.6176,14.325235,
32.058937,24.715504,
18.161535,-27.475466,
3.1669183,-0.7972682,
-58.090252,10.50514,
3.266444,11.543433,
-24.877111,44.676746,
-33.384106,5.890081,
-13.279385,4.7349944,
-0.34370178,-22.801128,
1.0650228,-36.10201,
41.10971,17.126793,
2.253893,-17.118221,
17.688381,-29.820116,9.0
4.990705,-37.599464,
35.981586,-37.189198,
42.59872,20.870956,
-45.437214,21.50081,
42.11317,11.920149,
23.02483,3.1987956,
-17.653723,-47.450115,
-33.23225,40.465645,9.0
-21.15169,38.084435,
27.499462,3.298522,
19.106796,0.43879375,
41.56092,9.808397,
4.3720536,29.093992,
2.5366342,-1.2623466,
-15.16055,-55.26543,
28.32178,15.103243,
50.215244,6.8544602,
22.976608,23.117504,
-54.43065,-9.357494,
34.96297,22.360334,3.0
-15.902441,1.5298859,
32.03659,-21.26982,
9.01585,-25.33015,
-18.63968,-45.427853,
7.5672154,-31.932726,
2.1107168,-35.42164,
37.759075,5.3731337,1.0
-16.725107,2.0024087,
-16.755499,-38.14264,
45.741577,-37.562977,
-15.217685,-1.5530986,
-0.45689556,27.91713,
-53.96699,0.20106791,
-12.183132,-0.45718202,
19.107805,-24.463089,
-14.628056,-52.271812,
-29.989202,34.332233,
1.8524399,-33.744606,
-53.30889,6.4944963,
-15.808298,-1.9429321,
1.2638363,30.795958,
55.25056,14.376911,8.0
32.756836,-37.506866,
-21.698559,6.885345,
19.828506,13.747283,
1.9485828,19.246832,
-36.65249,35.16573,
-13.1904335,41.793488,
22.775267,-30.435633,
30.753122,-10.023729,
14.733941,-18.317448,
-56.83331,14.6832075,
-50.33348,-2.650661,
-55.14202,10.758601,
18.264608,12.315648,
52.23048,5.9228873,
-46.704205,11.500657,
29.658304,24.124512,
44.316097,1.7283914,
18.382214,8.243462,
31.93589,-15.306339,
42.636574,-39.8744,
-54.720783,-8.85788,
-26.787132,18.534319,
-56.93012,5.7168922,
18.01302,-17.63654,
4.5016165,21.719528,
40.59765,-38.542484,
-40.918434,23.689528,
39.429813,16.891256,
-49.051434,3.8636012,
5.3657084,20.171652,
-36.199238,31.82792,
46.850895,-0.8340737,
3.7725136,-22.692572,
-13.216961,7.171635,
-35.476532,32.910694,
-24.736963,21.420618,
-37.105526,38.684216,
25.517069,10.268296,
-15.617754,7.6845245,
-22.954733,22.993044,
6.3301625,-5.3371835,
21.725126,-13.766242,
-3.2626243,-22.830708,
17.120378,15.565275,
4.470112,-3.0733294,
-27.033564,40.544212,
-1.9392111,-26.63559,
-18.322424,-39.963726,
-23.04646,-52.961853,
41.950558,-28.686161,
1.6050506,0.72266203,
53.345333,10.5771055,
1.6157188,1.8450664,
17.155355,-31.279058,
5.7933187,-37.187862,
43.350838,-32.993874,
31.622942,17.047834,
-52.08267,12.038433,
-18.086304,-40.984634,
-35.28956,35.35777,
-0.450134,18.78691,
-20.455196,7.969084,
-38.078236,25.471703,
-46.096733,21.749134,
29.33708,-22.790888,
-50.86883,-6.572327,
37.34818,-33.256767,
-7.0036716,-49.860077,
18.063665,12.612273,
1.1097817,-13.945829,
43.899742,-28.532616,
-39.721985,2.2247808,
31.135399,21.006397,
-49.982544,7.9073253,5.0
5.569728,-38.87989,
55.31967,8.671632,
-45.37696,-3.4768314,
48.955326,2.617409,
25.344625,-16.029335,
44.17111,1.748382,
49.50104,-0.34888396,
38.962257,-33.563248,
55.36813,8.068506,
8.065176,-30.78783,
44.40833,-32.737312,
28.262367,-19.271307,
-59.095074,0.84210175,
41.62532,20.122194,
-14.392191,-45.82421,
49.176987,7.6086144,
-55.034004,-3.21224,
-17.18604,42.704777,
-36.298664,15.023468,
-55.146965,9.5562315,
39.35384,-4.976249,
33.07662,-16.671429,
-30.545639,40.84514,
18.149715,-28.279469,
36.826683,-34.515583,
-55.355827,-6.4628906,
-47.610462,-0.2592574,7.0
41.06997,-32.520214,
16.069994,10.597002,
34.85614,-0.8483876,
48.92711,11.481847,
34.384533,-10.466612,
-10.987935,-38.755695,
-36.107555,-0.1632732,
2.3215308,-37.03552,
-58.776367,3.0870373,
-13.088468,2.267446,
-47.997875,25.428638,
-9.002045,-38.0284,
-16.956612,5.1048875,
-43.234283,27.374052,3.0
24.31906,-36.299862,
-56.12783,1.7807033,
2.884711,14.720192,
32.699806,20.37164,
-46.67991,-2.902212,
-33.161846,2.9403422,1.0
-42.49096,24.661142,
50.016354,-1.0188808,
15.305383,-13.075765,
39.83982,11.241104,
34.09041,-37.780437,
3.0729618,-16.309874,
-54.674526,-6.6260386,
1.5583408,20.471626,
-44.829044,23.792662,
30.293684,15.816706,
17.615746,-29.13086,
-41.70523,3.5423348,
-45.37481,22.010988,
-46.71109,7.608409,
13.209434,-27.190186,2.0
12.070088,4.821558,
34.671577,-36.544384,
45.341576,-28.69349,
20.249804,3.703004,
-55.157066,8.209672,
24.366163,20.370451,
-43.017048,-0.5335535,
-2.221747,28.992859,
3.9237702,19.458315,
-16.98212,-40.27203,
-5.0021615,-26.282269,
7.851431,-19.320013,
40.305103,11.808649,
17.651678,-11.417132,
4.784881,14.938586,
-10.730269,-49.547,
33.193375,-0.20192617,
-16.553278,4.8084145,
8.061387,-29.847195,
-33.785984,16.879648,
-26.270939,39.09072,
-42.800495,-7.170689,
54.053078,16.53121,
-6.489427,-51.48657,
55.52902,11.513098,
-22.094337,38.03083,
-19.682203,-38.94655,
12.608812,-3.3076818,
23.374096,-22.765888,
-36.95338,28.01424,
7.2346377,-3.6589696,1.0
33.15134,3.602329,
-34.067425,-2.1698568,
-15.681773,39.388767,
-33.323074,-2.9920003,
-15.80748,37.944183,
33.885468,-37.50229,
47.95812,-0.6990815,
4.6528788,-21.329952,
-2.8598294,-28.098732,
-57.31429,0.8892785,
12.320674,-16.944172,
-29.378107,35.824368,
22.76773,10.878157,
18.070044,8.787271,7.0
24.276817,-15.578693,
-52.04143,-3.3104074,
42.65943,-37.083534,
45.393112,-36.64174,
-10.343288,1.3854805,
-33.835453,31.983797,
17.791777,-29.428692,
-41.887672,27.058353,3.0
-43.95528,25.441662,
19.666891,3.5625255,
40.374886,-33.502125,
29.439978,8.429975,
-12.063182,6.8635707,
1.5734372,-16.463509,
38.516464,-9.453356,
32.78094,26.428757,
-12.646325,-41.22304,
43.90777,13.906018,
-31.216082,31.11955,
-33.182766,7.671044,
50.67573,14.449826,
26.502995,11.291545,
-12.741795,-44.607212,
-23.761936,-50.948944,
54.959324,9.361368,
17.243069,4.717886,
-48.62687,8.633501,
45.308895,0.05990693,
-26.424019,18.891294,
39.027504,15.952847,
26.996721,-20.269205,
-30.912308,14.141971,
5.8601103,-2.4431136,
13.422142,3.5853188,
-13.532439,5.5316625,
13.695343,-18.715734,
-18.885628,-37.475483,
-1.7402748,28.781408,
-11.137874,7.7899294,
-36.271885,32.0958,
-37.001686,31.591135,
14.093352,-10.3678465,
31.56591,7.8714957,
0.73209864,18.541098,
-37.441063,41.362087,
-9.88378,-51.310966,
-45.444225,3.5055997,
-24.055197,34.7616,
19.228132,-17.736643,
-13.129243,-39.206562,
-53.428806,-3.0755541,
27.331894,-17.430851,
42.039433,19.61948,
0.75275767,-2.9681876,
-15.808201,25.551107,
8.247054,-20.594473,
27.70306,-34.832375,
15.431936,3.2979424,
13.252377,6.139246,
-57.18276,4.430911,
-16.816217,1.657297,
-13.889689,-46.99192,
40.14714,12.473933,
-34.971867,-4.4965982,
-9.437687,-51.97096,
-44.832058,9.979687,
-56.460304,9.06805,
-50.34917,-0.54187816,
-43.83537,8.908668,
-49.041138,-0.3295627,
3.3852758,-14.452352,
30.648195,-21.579561,
50.246704,-0.33697948,
20.570324,14.416926,
33.77464,-11.083423,
56.225075,10.552289,
44.207348,-39.41569,
6.2372093,-15.851736,
-5.748003,-29.365671,
-19.210537,-39.255596,
-35.246437,9.324832,
-47.229717,5.4846005,
-7.8953047,-52.297897,
-11.885997,-53.462032,
-7.0195265,-42.744785,
51.51093,0.43846756,
-26.272814,15.516019,
3.8855028,-12.7206545,4.0
-17.966133,-39.22103,
-13.226362,40.79914,
33.410095,0.874678,
1.1562662,-37.67385,
3.3228984,26.439245,
-56.72295,11.123113,
14.350924,15.903951,
44.063168,-32.809433,
3.6867616,-23.12909,
33.78637,23.554697,
11.881411,-26.295383,
-13.91252,-44.57162,
-23.735287,32.347275,
0.81361824,18.857674,
-14.972538,-53.479973,
-35.72532,-2.6025074,
-44.934845,28.225708,
-54.68753,8.170947,
34.698383,-20.111525,
32.83884,8.825316,
-51.010185,17.706196,
-24.644047,32.541634,6.0
34.550068,-20.487207,
-6.438221,-42.081524,4.0
28.938852,-24.019379,
-0.9472058,-22.769714,
-41.75719,6.004628,
26.633917,25.552893,
-11.409661,-48.599327,
23.037378,-30.730867,
34.93946,-40.150177,
-44.383015,26.773542,
46.333553,-30.275751,
-15.0652485,23.483658,
3.2833633,18.08442,
-39.558662,-7.0125413,
23.233608,8.05934,
9.493853,-26.02376,
-50.86865,12.617596,
-1.8958021,28.022333,
-35.61102,-0.39011386,
4.2280884,-35.425148,
-2.1338239,1.8302932,
17.488409,-29.900213,
-32.358585,11.467867,
-21.151884,-38.949413,
-33.095676,3.0061567,9.0
-47.646755,17.563574,0.0
-29.35928,32.931446,
33.300957,24.105536,
-17.617855,-50.410263,
-23.919567,33.124416,
-55.73294,-3.6110964,
30.237768,-20.312643,
52.045475,9.464161,
17.873846,11.689321,
-20.707083,39.757023,
-12.951022,-53.683563,
34.214027,22.205141,
8.472812,-33.55929,
-15.115505,5.252624,
-54.559395,0.48123688,
6.2314906,-15.319236,
31.341084,17.292755,7.0
9.136292,-36.89995,
4.5254607,3.2885404,
1.2311468,20.169033,
-1.8279923,-10.819054,
-37.931942,13.28873,
-34.042213,39.337734,
33.91281,-16.70807,
-40.499817,29.8,
40.428444,13.150851,
-21.267162,39.562862,
15.042224,-9.276759,
-13.006218,-54.52797,
-22.641115,5.804317,
23.40256,-28.051682,
12.672014,-27.695597,
2.2052388,30.303791,7.0
-38.69904,28.476831,
-14.507334,8.756461,
0.25966927,-8.641966,
49.51062,14.454609,
-53.427757,-5.924205,
-41.231262,-7.0494657,
42.948994,14.035356,
-0.9889239,0.6095768,
-47.0434,4.8750067,
0.6397633,-19.212866,
-30.389805,16.31511,
-38.24075,-1.1756566,
23.437828,9.168755,
3.2097633,11.277025,
33.573086,-17.164394,
25.76905,-28.205477,
-45.474888,29.16291,
4.658423,-37.548206,
4.00296,-33.955776,
28.980488,25.591908,
-55.66275,-6.950441,
-15.668434,-39.363583,
48.104347,4.7405357,
-48.307564,16.714907,
13.45044,-15.109682,
34.899246,-40.20948,
-35.565838,26.661,
21.003654,-34.007286,5.0
2.796133,18.895922,
2.7815816,1.3869851,
20.014137,3.9398856,
-7.3311286,-48.5748,
-12.835013,-48.470287,
43.912777,15.360414,
22.349102,-33.691814,
-34.60407,40.87009,
11.745918,-28.222519,
-33.452778,34.16385,
-3.2118506,-27.857088,
-41.71968,2.2662935,
-6.6656513,-48.132202,
9.984577,-1.2138238,
-24.020151,43.523407,
-44.88347,0.058816027,
-24.623457,21.768736,
50.64618,8.322663,
4.018782,-17.496967,
46.488335,-33.11897,
-36.145706,13.52359,
44.64682,14.727154,
15.091823,-29.140568,
50.12348,15.439908,
-46.477974,6.3306913,3.0
23.558947,22.915598,
-22.868433,22.790314,
-33.166817,2.1838408,
-40.031124,27.420141,
-33.172592,17.292427,
2.1765501,18.406181,
-42.683098,26.52065,
-15.354496,-53.92793,
4.6230597,-2.577687,
-23.478188,-52.44787,
-30.779621,35.989353,9.0
-29.361443,31.987663,
-9.651417,-45.17856,
28.00348,15.196811,
-35.906773,-5.4412756,
-13.50738,4.957347,
-35.58055,29.147703,
-12.81978,4.0676746,
4.947447,-3.1267562,
22.719862,11.31816,
35.591095,-38.740326,
5.3254886,26.384403,
-41.026707,7.866912,
-10.396199,-51.151436,
-8.1665535,-51.98045,
-28.098734,36.46669,
-10.38785,3.7924554,
10.900671,-12.117111,
-14.94053,8.112784,
36.307022,13.98119,
39.55437,-35.965664,
-1.430666,-21.289915,7.0
-47.57269,9.006429,
7.4546423,-34.39105,
32.956795,-34.694393,
15.04432,4.8734117,
44.390274,11.064887,
-31.948393,36.495197,
-43.29746,-1.406053,
44.16695,13.615105,
-24.91718,21.375433,
-45.23351,8.828867,
14.132631,-30.028667,
-5.188523,-26.974878,
-18.865694,20.5941,
16.314753,-8.873808,
-21.193644,24.334156,
43.023464,10.280111,
2.2953112,-13.303867,
-42.26192,0.25297576,
-36.488403,33.5118,
43.329304,-37.3601,
-55.712532,-5.296242,
6.8775377,-22.283775,
48.94705,8.689664,
-30.186855,40.097904,
-18.441181,-44.22613,2.0
36.39685,-16.680822,
-32.780735,6.735382,
18.836864,9.340619,
-55.42168,14.519177,
-25.679031,40.74399,
-47.67275,29.188921,
-48.264557,3.5837696,
-44.068996,33.153984,
-2.6310904,-20.073483,
18.396797,11.254792,
12.677009,-30.634846,
-22.352367,-52.187492,
22.06157,-35.092136,
-37.543835,41.32112,
2.7033606,-33.750416,
-51.63014,17.578392,
9.217419,-0.91575384,
-43.230446,33.108406,
15.827775,8.077644,
-32.96911,2.9536507,
20.379305,10.755662,
24.025095,-28.309433,
8.426107,29.98805,
-36.887646,-5.2529287,
8.5126295,-19.93289,
-56.288147,9.352775,0.0
-30.407139,38.303596,
44.845722,15.450227,
47.9182,-33.94436,
-41.83274,4.580829,
-34.41479,40.89646,
31.618624,18.893593,
-23.048151,-51.81018,
-42.932487,26.454796,
-33.06923,-2.1690853,
36.029877,-13.513749,
-26.391064,36.087418,
-45.277905,14.522602,
18.837654,-1.1909658,
1.5667156,20.10315,
-22.354813,42.301117,
-37.600327,-1.1620098,
-14.928336,-48.682487,
-9.619739,35.23835,
36.66264,21.557878,
-12.801092,-39.396797,
50.391987,16.154943,
-0.5941494,-2.7008626,
5.7207093,-33.489918,
39.60952,11.762791,
-40.98986,24.296368,
40.977573,10.67555,
-8.321554,-43.33863,
18.061169,-15.895265,
33.800236,-39.68046,
28.966888,25.553434,
14.697154,9.827824,
52.33419,11.225752,
18.372822,3.6784048,
32.33375,-37.441376,
-49.254513,11.555695,
18.683651,3.449671,
-52.603012,-0.39141053,
-20.869295,23.135012,
13.925864,3.7265773,
-7.205979,-28.604729,
-33.069424,-2.200845,
33.4779,20.001072,
34.18408,-39.808784,
-48.97529,-4.418284,
-49.04344,2.7000256,
16.954586,-28.40058,
32.805847,21.749569,
-10.994797,-50.25947,9.0
-18.968967,40.837757,
-46.686775,-1.6208687,
25.27263,-24.861132,
28.850042,7.4948096,
5.8947783,-37.65675,
4.610705,-10.535666,
-12.742035,6.3495493,
51.45863,11.197047,
-55.085087,13.597602,
32.824516,-34.217712,
2.205227,19.951496,
35.266487,-14.303966,
-30.888939,13.624634,
30.75288,-12.253097,
56.871616,10.752645,
4.0266905,-3.6153924,
39.81555,5.1405625,
28.365772,3.1357646,
47.536736,-33.639324,
-31.734118,14.698351,0.0
15.347727,-25.138891,
1.62061,-21.535666,
-16.770212,37.05656,
18.19578,-26.76694,
21.291416,6.5780773,
4.7554116,17.924318,
-32.10809,6.8098083,
-22.136671,41.824356,
-0.14509031,-6.639533,
22.274914,-35.08251,
27.530666,-28.407614,
0.23207824,-10.881152,
-45.353188,23.939993,
35.940735,-36.106922,
46.65343,4.3183327,
0.84349203,-4.066251,
3.5608277,-26.623724,
2.4250586,-26.404924,
-0.67924505,-31.487158,
27.524656,-23.181479,
-29.347658,15.424697,
49.192936,-0.712977,
40.835423,17.922297,
26.686626,-17.11631,
47.329918,-33.024483,
-40.12818,-6.90983,
-48.110466,6.357822,
43.543133,-29.833788,
40.799538,-32.36485,
-55.493782,-6.120248,
32.834614,-11.049136,
10.554261,-32.2637,
-20.791862,-46.981663,
30.531176,-10.061207,
-31.635187,33.99377,
-36.9068,13.694236,
1.0216467,-2.7102745,
35.993042,4.7969465,
-47.168877,24.97625,
-29.946754,33.739777,
36.892517,8.401642,
-11.907378,-43.584522,1.0
18.266386,-5.5335593,
-34.680706,-2.2061715,
17.202005,-19.946981,
7.340435,-36.737003,
-45.11737,22.784883,
45.96788,15.029369,1.0
32.675232,22.933636,
44.85955,17.33394,4.0
26.007347,-20.701159,
52.65506,10.770574,
39.584187,-32.40524,
-57.59726,14.137244,
18.09277,10.08,
-56.267178,1.0857068,
10.853474,-3.136994,
30.054174,-2.742241,9.0
36.53369,-37.12447,
-21.11573,20.63172,
-0.20697646,27.746183,
18.982698,-26.836758,
2.1577024,21.465464,
18.23305,-15.664652,
32.64254,7.8452477,
1.8544291,-27.323778,4.0
4.03172,-32.42085,
4.4614267,-19.66483,
32.624607,-1.8075264,
21.46771,15.74309,
-34.992348,41.996796,
18.003412,-30.465107,
-53.222534,10.282105,
-11.615593,7.6766973,
-6.3081183,-51.00315,
-30.70088,42.49081,
-14.401878,-44.93259,
1.6647261,-1.9870927,
41.637325,-37.44195,
-0.48523912,-2.303268,
-40.273033,-7.50105,
13.594494,12.209171,
-19.873524,-45.259666,
-56.07033,-5.8526635,
-4.9512067,-25.460443,
8.7127285,-9.29028,
24.87887,-25.607658,
31.662539,-23.505785,4.0
7.460229,-4.009233,
26.935371,-21.572166,
3.646724,-33.5247,
15.750497,-6.9876933,
4.627983,-21.496653,
-30.113293,40.10299,4.0
-36.3595,26.00559,2.0
-15.627421,7.2520747,
42.07937,-37.850468,
8.570873,-28.207338,
10.533865,1.621459,
29.919155,-9.527039,
1.5252903,30.716297,
-14.84888,-53.73005,
25.107708,-27.56985,
-13.692504,1.0870159,
40.75902,11.417353,
-19.27959,-47.3414,
-20.948254,7.158883,
-7.7341857,-38.783947,
-30.457447,15.959555,
-23.339214,37.625786,
29.529919,-4.6596155,
24.157246,7.481889,
44.685177,15.115069,
20.246002,2.4129286,
28.042505,3.233097,
26.537216,-9.057772,
-6.329493,-42.838356,
22.667873,6.190416,
21.436848,1.9680812,
5.1333823,-23.552387,
14.396005,14.6039,
-21.855194,40.579685,
56.378704,10.361183,6.0
-0.39644164,-9.677155,
33.801476,-38.92335,
0.20718086,-15.498744,
-53.190514,-5.1487155,
35.324448,17.168812,
-14.9180155,20.49601,
-2.026074,-20.284784,
12.793092,10.443226,
40.379642,3.6370885,
27.3262,12.921669,
4.4439855,-14.3161335,
48.117737,1.1688412,
1.3877711,-3.0711484,
-37.453297,27.769773,
-0.24475762,-7.4179244,
-52.153965,-0.27311164,
0.6948111,-22.5093,
44.411167,-31.596573,
-35.328316,4.6237135,
-58.391483,12.3476095,
30.46106,-11.852789,
54.952045,9.71992,
-15.727351,-51.72334,
-8.717144,-39.121025,
-19.472189,39.888203,
-45.028748,9.971738,
3.5639493,-2.898428,7.0
-0.12996125,-6.2458634,
1.7109115,-1.8381795,
0.86920214,-6.7111197,
18.477703,11.495236,
44.055916,-36.488426,3.0
52.47672,7.077387,
34.15408,-33.914463,7.0
-21.132746,-51.17436,
-31.852112,42.64755,
-51.678867,12.432813,
-12.514709,-52.072857,
-36.75482,11.015058,
-0.14563015,26.721922,
27.769829,-33.860893,
-7.4957824,-40.73588,
36.841034,23.728754,
-4.643057,-27.263433,
43.455006,11.6361885,
-17.967247,23.224203,
-25.337706,-51.2849,
-24.041185,33.359596,
-13.582524,-44.68908,
-46.133,27.726244,
-15.997838,-38.833237,
9.494276,7.538994,
-28.78741,13.893452,
-57.275276,12.595117,
-50.581707,10.882604,
-23.715265,42.202175,
31.993296,10.193605,
40.18337,-38.19411,
52.512333,1.8713126,
42.095108,-32.388992,
-47.54238,32.23031,
-35.997387,36.23188,
22.178167,-30.478899,
2.076007,12.637237,
8.600868,-37.562485,
-0.119650155,17.442974,
4.0676165,18.327566,
44.956234,-30.453756,
26.678022,-19.340025,
-40.510597,1.8172656,
0.17024009,-2.1567752,
41.39694,5.958529,
-13.201042,1.8813635,
6.693782,-4.6759963,
2.3012156,28.009611,
-55.82986,14.346728,
-58.46055,5.1692743,
-12.593791,40.476406,
-13.1764555,0.37869632,
35.185913,20.952448,
44.314075,1.279424,
-35.58188,30.403276,5.0
-2.8161962,26.055935,
-46.23627,33.431526,
1.0972881,-11.302158,
-38.947853,31.219248,
15.960498,12.632607,
-18.48598,-53.40796,
-59.189472,11.354158,
-17.701609,-48.240498,
-21.899723,40.852463,
14.639044,-11.105298,
-58.13539,0.41406745,
-11.261495,1.176498,
6.3993545,-15.606894,
-24.96935,3.1132905,
4.2275267,15.710451,
-46.938103,30.935448,
32.436836,-16.44102,
8.889828,-2.3449187,
48.571556,10.033237,9.0
-23.56579,43.34309,
50.843388,-0.29834852,
-55.155792,2.0656939,
7.2679567,30.386475,
29.996315,-20.237478,
7.232256,0.41668642,
-20.150703,-44.461063,
32.56634,-35.046177,
33.662853,1.1287322,
25.364685,-25.657116,
24.671503,-30.336407,
3.176846,14.028492,
5.6656485,26.379221,
3.1371398,13.69499,
15.50585,7.302521,
7.295521,-34.88762,
-36.749428,32.023808,
35.833145,4.9822097,
32.697666,19.134329,
-42.614975,22.295223,
18.44197,-10.26556,
2.24228,-37.588345,
-49.056835,19.771675,
-9.902789,5.2926536,
-22.33248,-50.878067,0.0
-12.877446,-50.09591,
-5.2988787,-50.799976,
32.536327,-1.777631,
41.372654,1.4828287,
22.145384,-30.90664,
26.922787,25.549852,
-26.485165,21.324265,
-0.5303722,30.40602,
-17.724377,40.137447,
-49.368675,12.054503,
-0.26820648,-21.69635,
-57.84673,12.957749,
18.500927,-10.062318,
-17.433304,-40.49036,
19.063341,-0.04712406,
0.7306982,-7.996849,
4.153169,-11.15429,
-56.218163,-5.100834,
43.234886,21.36201,
-39.478065,30.299944,
18.260426,-14.787461,
-34.724834,0.6123227,
-35.702248,43.193115,
-39.55289,26.071926,
-9.951603,-50.931976,
-22.052126,21.349947,
-36.233364,37.730984,
-58.08519,-0.3744134,
-17.689306,-48.48299,0.0
37.968494,5.3854423,
-41.42031,-7.9780145,
41.013763,17.6679,
17.370537,3.798202,
-17.354246,-0.098494075,
41.32548,-37.896088,
-14.185909,-53.124687,
-39.067722,-6.8177514,
5.092273,22.95409,
23.345982,-36.437187,
32.72548,11.591907,
-28.225578,43.50272,
-43.754894,22.811943,
4.86237,-0.65624505,
27.20502,3.25848,
-27.335308,35.135983,
-39.594357,-7.312046,
32.685825,-35.948265,
-21.564905,43.47335,
25.309832,31.678694,
-47.910503,19.71097,
-19.945978,-51.923515,
-58.09148,13.005523,
-46.33669,20.23866,
-3.961208,-23.447252,
1.6245049,-4.7921486,
-42.733685,7.5457,
-26.494358,15.042425,
-8.167732,-51.856262,
3.7358308,21.271547,
32.790974,21.352089,
29.322582,6.5884213,
-13.868279,41.24266,
-39.909977,3.0475783,
-32.928875,-1.1278163,
18.301035,2.914282,
44.416973,14.867897,
-19.283092,3.3641725,7.0
34.311024,4.2368894,
3.2728858,15.036211,
9.701186,-29.52269,
-0.7725341,-12.041087,
-26.649206,18.753942,
-17.76097,20.565197,
-45.824306,9.111578,
-41.824905,32.415077,
-6.5222654,-37.880703,
15.483593,-25.242376,
35.22564,-17.415226,4.0
46.976357,12.277298,
-47.15345,20.389853,
2.4589715,-3.0399344,
34.785126,17.847082,
-48.541695,5.511812,1.0
7.5045366,2.3750904,
-0.7469747,-30.694397,9.0
-37.36568,29.029953,
22.686129,6.0679235,
1.4850754,-23.545603,
6.220094,-1.8133106,
8.593493,-33.512657,
13.942162,-11.894148,
8.199539,-0.9431326,
11.882212,-18.57615,
38.57171,-6.8771033,
-28.636982,16.092705,
-48.342262,30.363764,
45.996487,-28.096214,
-41.539383,-7.9047303,
14.957086,-16.253977,
8.645922,-30.239105,
14.728632,14.793757,
34.890057,5.0555396,
49.156498,14.477019,
-51.03607,-4.9348726,
-17.795681,-46.93972,
-44.47866,14.276806,
31.960989,-20.83847,
41.390316,11.565937,
-59.31431,2.6522365,
-25.329763,40.914158,
-49.068855,6.715599,
-20.058994,42.619,
-47.041,25.562252,
-27.576418,34.205185,
15.554053,-18.426922,
-30.080671,35.14982,
-14.19038,-42.82038,
-1.6391454,26.391542,
-12.225931,-40.85468,
-37.22819,-4.0374007,
35.547348,-38.146084,
44.288986,13.198039,1.0
47.46909,8.724202,
-10.301742,7.0396414,9.0
-55.38206,-2.582748,
7.2004313,-37.09635,
39.28897,-31.564604,
-32.47786,37.5521,
-17.633583,40.184235,
4.7694874,-3.576682,6.0
-37.563545,-5.26984,
-43.995476,26.671625,
-18.964085,21.566032,
46.198486,8.44787,
-20.470417,21.632551,
31.347132,-12.488186,
-20.849298,41.44173,
54.95806,14.270305,
27.884384,16.38246,
-20.507938,-39.3288,
-57.27063,5.449995,
40.556744,-32.670383,
37.102787,-6.0928397,
-15.490012,20.960876,
44.75746,5.787812,
39.56928,-40.7874,
-31.51905,21.565813,
26.368322,18.403803,
-10.915476,-0.1848103,3.0
-0.5808219,30.422413,
33.09487,-34.268524,
-19.733719,-35.682945,
0.36809492,-19.751524,
5.24458,-35.479103,
2.274779,-13.149334,
-17.151333,-54.48682,7.0
21.072992,-34.007027,
-45.373474,26.034698,
34.34503,20.05363,
25.242537,-18.761232,
-28.565899,37.03588,
27.290129,-25.930258,
-9.53146,-44.768463,
33.725636,9.71313,
-41.13539,27.910591,
3.6773677,0.45709798,
10.520278,-33.43652,
-19.067467,21.28824,
-57.683517,-5.622611,
-34.228638,38.53419,
-14.360291,-53.59296,
-5.687227,-27.774298,
-16.762642,-38.922344,
-18.66057,-43.49795,
-8.168173,-46.431824,
-16.573828,6.4571137,
-4.0351863,-22.098581,
14.669088,-30.29757,
34.027042,-32.873013,
-34.151215,6.2358966,
3.6362758,5.3482213,
-41.842587,6.9161777,
34.853146,18.71795,
-19.411694,3.90091,
2.505082,-21.954926,
-56.540306,11.894838,
2.376834,27.851376,
4.59597,-34.4815,
-57.302208,6.439549,
2.5451014,1.0679722,
-21.371069,44.18791,
-34.263725,32.48342,
34.606133,14.574221,
-21.102493,23.823074,
-37.270107,27.196728,
-22.854158,-54.92346,
-14.030445,-47.828564,
19.49675,5.1662736,8.0
44.971992,6.356596,
-41.575203,30.3943,
-22.980005,-53.277344,
-18.923307,-41.362328,
-7.7313333,-41.413906,
19.312023,-26.880144,
-55.9998,1.1420469,
4.4259224,15.121628,
27.024017,14.438122,
-20.03643,-39.111958,
-24.25128,-53.973625,
41.683804,19.313961,
31.673784,-19.989271,
-15.841473,-1.9516793,
-38.983562,-7.2690215,
-5.2731414,-39.00038,
42.90093,5.2580166,
9.013177,-29.366451,
7.050865,-21.223063,
-45.236717,24.427813,
23.351377,22.50789,
14.865713,2.0311308,
25.914343,-36.044292,8.0
38.12337,-7.3365417,
-57.00752,5.580782,
36.786854,-39.546062,
49.242718,3.723143,
-55.052197,-5.2015157,
-13.7395935,-52.567253,
-34.616737,-2.7569885,
-23.099794,44.62177,
-50.82849,10.997826,
50.144012,7.911228,
-32.869034,13.245298,
-40.36077,-5.88868,
52.438194,12.501455,
-40.397457,-7.362277,
4.3670735,6.176275,
45.115726,-34.56721,4.0
6.8056293,0.16856511,
22.839964,3.1852157,
-44.654846,22.541256,
3.1933136,-12.873457,
-13.160527,4.0934663,
-23.939953,25.563667,
2.527022,-33.884533,
34.56147,21.346273,
-10.364827,8.325402,
24.86493,-34.87978,
-19.308617,-40.437622,
2.9720836,2.6094983,
-35.7636,-0.9654415,
-22.278553,-53.591705,
23.681108,-31.569973,
31.219172,-21.018822,
4.2186003,27.743944,
-39.714916,34.232887,
-13.779939,-1.4640008,
-28.2267,33.82344,
-13.616221,-52.290974,
-39.883003,27.342537,
-20.121986,8.473296,
1.713942,0.49780384,
42.15937,-30.75607,
13.96592,-7.567883,
-17.060394,-48.999416,
-36.13757,39.4174,
6.4265075,29.904257,
7.68517,-1.9523687,
3.3032718,22.340494,
12.335902,-13.777462,
17.878977,-21.806316,
23.260473,3.3407457,
-40.887997,1.6890166,
-1.9158212,26.18062,
-13.223373,-54.449413,
26.085863,9.641803,2.0
-12.3607645,5.241051,
38.330235,-6.2836323,
-9.824824,-47.236164,
-33.84087,1.6453427,
-23.293913,35.97659,
-47.233803,28.801622,
-42.812916,26.623125,
19.026522,8.355632,
-6.5860763,-48.36655,
10.80311,-2.466077,
-17.348232,-50.012836,
-8.35543,-52.01462,
-23.963474,-51.852783,
-50.424755,15.221717,
14.214982,9.5182,
12.2982235,13.279112,
31.449032,-15.683408,
35.792896,-18.21777,
24.909737,16.147392,
-41.30415,-8.077181,
10.464226,-27.46631,
2.9127755,-32.966797,
26.151157,-29.473513,
51.461243,6.2402496,
18.595182,-5.1973877,
-49.640656,15.31994,
-2.120928,-26.980297,
-29.90767,38.573986,9.0
-32.40224,15.765448,
12.882513,-29.54849,
-19.46657,43.595207,
-43.836296,31.87754,
3.0239234,17.84548,
-42.94915,-3.7894351,
-47.042503,31.069178,
-23.05839,-50.58142,
-40.491558,33.457283,
-17.119864,42.737576,
-51.553623,17.69149,
-33.272186,7.277887,
-17.392849,7.3880296,
-45.639675,10.7172165,2.0
12.4243355,-18.403826,
-45.134186,25.742155,
-41.021282,-8.383626,
46.401443,7.690434,
-17.701502,24.778564,
34.554523,-31.074343,
33.16166,-12.521944,
-19.67444,25.489157,3.0
-21.17625,21.863876,
-6.538639,-26.585135,
29.156734,-34.75279,
30.304453,8.9868765,
31.627615,-14.99882,
-41.712418,3.5285645,
-52.759754,-6.921228,
-46.79403,-4.52896,
22.52527,24.126547,
-57.028305,15.510845,
-14.388493,41.1962,
51.1745,6.793442,
-45.72791,-0.3084552,
-15.023287,-45.701786,
-36.315807,-4.7220826,
-10.829254,5.8758802,
32.80599,-23.309374,
-55.433537,6.8427024,
-42.437584,29.869036,
23.591585,-34.997047,
41.53961,20.946712,
49.447506,8.262719,
-17.34915,-53.944332,
1.844894,-3.5949824,
-3.0492015,-22.069708,
13.64946,-7.063251,
18.116383,12.067916,
-11.717304,4.99631,
-16.513096,-44.013153,
27.748192,17.09219,
38.137295,-41.02249,
-53.455048,-0.2592068,
-23.859982,-53.692852,
49.72042,12.549641,
33.43441,24.870121,
-17.263132,-54.039467,
53.490555,8.138775,
7.613426,-29.42717,
4.0104346,-18.04816,
-47.470318,18.704103,
29.340406,18.051283,9.0
-41.585754,26.297016,
3.2289174,15.420939,
-16.818449,-38.212242,
41.17594,-33.05089,
-38.863216,36.94949,
-56.36309,14.570281,
4.849348,1.5685241,
19.352089,8.318792,
-47.93981,19.84835,
-46.772175,5.906338,
49.300236,-0.034898397,
-35.408367,-0.7202768,
-19.021648,-41.535366,
-22.974104,5.3706055,1.0
-41.763977,31.97744,
7.5571647,-37.07487,
-25.136215,44.21672,
14.987478,-16.356255,
26.922617,-19.989714,
0.9696007,-25.356627,
-29.516666,39.883125,2.0
15.798647,-10.390135,
39.61273,18.07481,5.0
48.427677,10.159387,
40.678066,-35.899,
31.891693,-1.4929476,
-35.347622,10.05801,
-15.460231,7.1420135,5.0
4.1597185,-18.543884,
-55.859924,-6.3032365,
-17.994387,37.563606,
-46.37476,-3.7167642,
16.16773,9.7936,
-47.85028,0.15866838,
-31.074078,12.27359,9.0
-20.573479,-53.025578,
-11.44091,36.42116,
-15.520137,5.6798344,
-21.393978,-53.467686,
9.658829,-30.753586,
-14.742162,4.682267,
-39.751614,28.297487,
-37.12849,39.212727,
18.713636,-19.85071,
-1.2959467,29.873913,
-5.4414215,-39.794575,
39.217,5.3356857,
-53.15164,8.794852,
40.365566,8.99822,
31.846344,-33.134346,
-39.32958,26.404638,
-34.538807,-3.385942,
42.69821,-26.088783,
9.997139,-1.5879693,
34.02554,-33.156185,
-49.498585,-3.456033,
44.316723,14.210946,
6.433366,-21.965162,
14.2973995,-29.036568,
-40.478123,3.7391531,
-58.330627,1.51928,
25.901295,-14.536954,
-2.289031,-21.180153,
-30.28467,35.51334,
-49.130745,17.939936,
-25.402285,2.6314888,
-2.7497869,-5.7549977,
28.228851,-18.57124,
-14.070396,-39.260807,
44.354786,-32.28468,
24.08589,-25.510267,
26.40412,9.60861,
9.822279,-36.320538,8.0
45.975697,7.648052,
-41.88485,31.241894,
14.295638,-10.676184,
4.0608506,-26.478954,
28.928102,25.513659,
-1.3582462,-31.155745,
29.493279,-20.325102,
-38.64088,35.15094,
24.036295,14.185474,
-12.964763,-39.25233,
30.218596,15.674518,
18.775396,15.3832855,
3.2206805,18.188103,
26.12226,11.077867,
4.7469187,-34.112038,
22.776321,6.6295395,
20.146711,4.5378113,
-48.193092,25.441778,3.0
-55.763584,4.0562935,
-19.741903,-48.966003,
27.377619,15.48857,9.0
-47.437164,8.901744,
-4.0148435,-23.879179,
27.191917,-22.404074,
-54.64369,13.603799,
25.477308,-28.26197,
51.067986,14.033229,
46.593647,-31.044853,
-35.095364,29.074669,
17.939556,-17.886806,9.0
-42.093815,23.916603,
34.231747,-39.29425,
-0.3007752,-3.7264864,
9.55776,-1.8680001,1.0
-26.657442,38.75243,
38.603043,-30.566164,
19.104137,14.413377,
30.506603,24.15838,
-6.599448,-43.950962,
52.7725,12.79411,
-27.069008,16.877058,
1.6755702,18.557549,
49.527943,14.867359,
-11.66766,7.5359035,2.0
40.42549,-31.081755,
7.7577367,-22.41821,
26.805332,17.126308,
-23.246386,43.28483,0.0
35.424088,-18.099834,
-27.918669,17.486517,
7.7758512,-17.970049,
-4.366592,28.11992,
-35.0463,42.17955,
-21.036966,20.549532,
42.54221,15.904189,
32.87181,13.907226,1.0
-35.31497,41.09969,
18.81974,0.43500888,
-35.307102,31.308321,
35.01923,21.353622,
1.0536971,-20.66134,
-19.769506,-38.301956,
-55.21466,1.8435943,
-35.091232,0.29860422,
33.90937,-34.08339,
50.488525,-0.88257545,
38.780094,12.219479,
32.85889,-32.647762,
4.4081826,6.1906476,
24.918118,5.824127,
37.235348,-32.81922,
-41.702965,25.228926,0.0
15.050045,4.808438,
-46.821404,4.683506,
-54.986378,7.4157915,
-21.589403,-52.95667,
9.761254,-35.732815,
5.0620313,25.307804,
-9.059901,-50.70082,
39.91228,4.7603436,
45.526993,8.695549,
-15.803457,-53.960922,
-20.003626,-47.930996,
55.245384,14.52289,
44.126858,-34.20287,
-20.070011,37.79955,
-33.966587,1.0098828,
-42.356037,4.3065534,
1.9587083,29.062853,
46.69789,2.7312646,
27.400269,-20.28019,
-59.382416,0.5278729,
37.484924,-31.425121,
20.70942,7.739349,
-28.75642,18.83004,
5.8023515,29.669483,5.0
-18.077929,6.955913,
-49.224697,0.7812653,
-18.82673,22.595467,
9.537791,-33.795372,
-49.24399,20.499878,
16.008427,-7.429608,2.0
-49.417175,12.530955,
50.14545,-1.645086,
28.486462,-32.178204,3.0
9.10745,-19.659498,
-25.476452,22.520897,
-43.167664,28.061049,
-8.252545,-39.288456,
-5.9281363,-28.84223,
40.793804,20.61884,
29.042873,-23.094683,
-20.640509,37.195267,
40.407677,20.997194,
36.89403,-38.495235,
14.697642,-11.759524,
27.728489,-28.23476,
18.958553,-0.28364956,
48.122757,-31.70251,
4.4875717,-35.550785,
-50.155952,-5.348809,
39.728065,-40.77849,
-30.179209,18.68902,
48.055046,8.477138,
-57.053284,10.383047,
-57.4494,9.365404,
38.251705,-40.59416,
44.958965,1.2873001,
17.881752,5.9123187,
-54.293808,-1.1027795,
19.109167,-24.636553,
30.134111,-2.679308,
-50.33895,15.274634,
-34.091965,-2.9689655,
-37.96125,30.38237,
-29.111584,39.961624,
22.132195,-12.982206,
6.067342,-35.06546,
48.047813,-0.23986322,
-35.11394,-3.7448964,
21.320148,-7.024489,
-25.022245,-51.635296,
-37.06232,11.854849,
19.033722,14.594364,
7.189272,-35.80338,
10.898317,-15.967603,
30.131344,26.37507,
16.777584,-24.623562,
-10.884758,-44.69202,
11.423121,-10.322935,
42.428146,12.844327,
45.667454,3.9852738,
-43.64224,14.509019,3.0
0.3874475,18.985495,
-15.427126,21.814425,
-14.264268,0.052075353,
-54.714542,-8.778262,
-15.200403,-43.141895,
-43.531433,25.272581,
-14.0287485,-0.72840524,
13.952657,-28.015772,
-29.36081,38.68922,
-44.108173,10.967259,
-47.15837,-0.50211763,
40.622036,-40.38912,
-45.101784,20.703316,
45.52081,-34.20223,
39.54223,14.856986,
8.303183,-30.270948,
8.580126,-27.92701,
-17.549807,-50.264233,
19.311472,-34.502026,
11.488401,-11.829798,
36.161358,18.756567,0.0
34.91458,15.303985,
28.362038,-19.578821,
20.205448,9.197028,
22.802341,-34.5578,
13.221467,-10.896676,
45.749992,4.6341357,
-1.3643109,-33.154705,
45.78844,-29.176567,9.0
-13.90587,7.819465,
6.5283303,-16.393795,
-50.34924,5.909626,
-2.9817975,-19.519419,
25.49314,17.124441,
42.018166,-31.175282,
5.593673,-23.48337,
32.47102,-38.452816,
47.35673,-30.421848,
-56.557858,-6.295199,
-14.205879,-43.988434,
30.694862,6.1101646,
3.557518,22.103043,
-34.684456,4.9745307,
-11.604142,9.222244,
4.0563927,-36.922585,
-42.475563,31.529066,
-37.65702,36.321476,8.0
9.103726,0.18035595,
42.90389,0.48418957,
4.246075,30.501184,
2.636548,0.8870078,
-40.39693,-5.397952,
45.231316,8.217598,
37.895252,21.332754,
1.8841704,-26.242535,
-17.768944,21.503668,
-37.402454,36.364155,
-12.062053,-45.06245,
21.882698,-13.894204,8.0
15.088098,-30.123398,
6.088063,1.0995656,
33.852154,19.292093,
40.524387,21.060146,
-33.363503,5.0896835,
28.918877,-22.148853,
-42.029778,28.179203,
8.024334,-4.2959166,
5.491223,27.311983,
1.7785268,-11.011342,
25.819809,-14.786806,
-9.936809,5.0054464,
25.015831,22.863897,
49.023705,-2.208527,
-4.867293,27.979694,
-56.342823,11.046952,
44.897728,13.648081,
34.366577,18.10124,
55.392525,14.722825,
19.797213,-13.501614,
-26.733818,15.178559,
38.523163,10.346489,
-0.8582581,-31.552156,
37.763214,-34.069557,
-19.788546,22.64162,
31.906765,25.860582,
32.664833,21.261183,
40.22889,5.741291,
20.409346,13.264559,
-38.40193,1.8105254,
-31.105589,41.46833,
-44.21637,25.84003,
13.091679,-17.553385,
48.516953,14.81289,
-49.827953,15.136573,
-56.90733,1.9241536,
8.811373,-28.798199,
29.260075,6.80225,
-35.60894,-4.915731,
40.023445,8.396554,
-40.961967,4.5707664,
36.41695,-1.578675,
-18.987284,-43.69381,
-36.161823,35.43927,7.0
-57.7334,11.24961,
7.8217397,1.9025673,
-46.137276,2.3579655,
33.00196,0.048003197,
33.977966,-21.594065,
-29.500042,13.59377,
28.31027,-21.668234,
-35.849724,34.55898,
4.1089487,-15.26414,
-17.228468,38.58917,
40.49396,-40.484776,
3.5720484,-24.097765,
19.459364,-5.7351933,
17.992165,-20.724438,
42.217636,-27.173233,
29.520786,-4.818277,
41.263294,9.879562,
32.747486,5.0738807,
33.30018,-11.735026,
-31.110706,38.431984,
-4.8736367,-24.927776,
-48.96663,-4.0128155,
-53.409813,-2.3182237,
-59.102253,2.1081283,
-32.04944,13.593318,
0.07354068,-19.013308,
5.201554,-14.055474,
0.6151532,-22.974232,
34.38824,-20.34964,
10.510604,2.158083,
-6.080574,-29.70246,
-40.458908,2.4886916,3.0
-49.139378,15.353587,
36.119213,21.91234,
48.993908,-1.5858843,
7.431993,-35.70772,
-1.2489595,29.075617,
1.7357912,-26.183378,
-57.887768,10.606452,
50.0117,17.349434,
31.28282,-11.59887,
-25.601212,21.210814,
-41.907593,31.67378,
0.56252915,-9.328987,
-40.86714,0.65203375,
-32.87379,9.040366,
-14.244977,40.089176,
-49.406437,-2.3909771,
7.8971896,-4.421433,
-8.377786,-46.991035,
50.641575,9.383791,
-15.119884,-51.285847,
-48.43691,5.231169,
31.260683,-23.278982,
-15.461283,25.34586,
46.986305,-36.43075,
-40.05824,25.897917,
-14.841897,-49.972137,
23.50938,21.74204,
33.71963,-14.926758,
14.134507,-13.601926,
41.716347,21.49264,
16.623762,-24.647028,
-36.947052,11.271984,8.0
13.84451,14.170031,
35.42742,-16.339373,
37.08169,-32.36209,
15.474303,3.4929042,
2.5806608,-22.811493,
7.4671135,0.458576,
-52.998875,5.3417716,
1.6333518,-0.5617079,
29.53213,5.144582,
-53.15648,14.805001,1.0
34.010117,-30.249231,
-28.984283,17.897942,
41.480145,-36.18462,
4.9920483,22.336088,
-0.2305595,29.291971,
-45.758698,-0.5302766,
-33.19927,2.8622274,
-20.788998,7.047661,
-28.419455,13.441857,
13.232511,-14.923835,
55.883945,13.534329,
-11.625677,-38.79581,
-31.953135,13.957642,3.0
0.2926307,-23.209734,
39.398525,-34.818806,
21.126144,-5.6815386,
-46.70331,1.0185081,
48.297314,1.7520562,
-6.401011,-26.538483,
-22.732227,-49.354614,
28.958698,20.74776,
54.50189,13.838777,
44.723587,2.7300105,
-13.689627,-0.190366,
-34.314575,28.632275,
29.446558,-17.089134,
-28.04274,36.180485,
-18.601082,39.512573,
35.42435,-15.05643,
0.5079151,22.209066,
3.5134153,22.212168,
5.8719873,19.638945,
30.25833,18.428263,
-1.857919,-23.623465,
13.994191,-7.4483395,
1.0681845,-8.202857,
-18.069296,37.347683,
-29.887516,13.267132,
-53.732143,-1.8822578,
31.990282,24.970968,
14.037847,16.661938,
-18.442818,26.041878,
42.614788,-0.72126466,
3.4412456,21.578718,
-1.2657696,-20.160004,
45.771214,15.258355,
11.3941345,-15.145477,
-35.638187,33.059162,
-40.317905,2.1335342,
-16.781528,2.1959062,
-17.857008,6.047916,
41.8263,-39.499794,
26.498327,11.406186,
-45.388958,23.347256,
56.321003,10.2232895,
-53.431553,7.4224324,
18.940521,12.167937,
0.54987705,-23.550735,
55.43178,16.111498,
11.423376,-15.882298,
3.384854,3.8803651,
38.448914,3.862813,
2.7259402,-35.796814,
-48.249676,15.597368,
-13.995973,-44.386593,
3.9455602,17.114643,
-58.842842,9.498956,
-10.7988615,-50.07126,
24.641146,-33.87936,
3.649417,3.8759005,
-20.557945,37.26636,
-26.351912,41.838734,
36.192245,-17.660625,
32.253395,-20.737688,
39.488544,16.913122,
15.593048,3.6592696,
-7.337283,-42.58374,
-7.8901696,-47.761623,
6.9153876,-37.26723,
-10.293878,-46.7778,
-8.716321,-48.023037,
16.365345,2.4859917,
-7.3404684,-28.67255,
-5.96409,-25.916979,
-2.1152103,-23.144932,
9.484794,-33.828514,
-7.7123036,-50.985134,
-33.12112,-2.3351152,
-33.26144,3.7608547,
-16.62777,3.8081753,
0.6242431,-3.2093883,
41.52331,20.719788,
-6.564099,-24.901417,
5.8233504,-6.1636467,
29.166492,14.659504,
-48.934364,-1.82345,
17.741589,-10.945992,
45.082527,11.527012,
-13.296341,5.5963387,
-19.66919,35.88107,
47.365948,-32.1392,
10.532205,-12.277914,
-21.795906,25.81741,
-51.89931,15.315806,
-43.99658,32.80568,
-14.1211815,-52.91041,
4.131873,-32.291927,
50.027668,-1.7142314,
-35.992992,8.009712,
31.803013,-33.526573,
-6.2341433,-26.456287,
7.566169,-34.4142,1.0
-44.165314,33.837166,
39.318268,-37.938427,
-38.4759,34.10744,
-53.534775,11.894435,
-18.11492,19.72167,
-44.99902,16.315834,
4.907889,7.9124684,
-18.485817,40.688942,
-36.799732,2.1215198,
-54.45864,-4.446579,
6.056905,27.934063,
30.50556,10.874638,
-48.301697,3.6392794,
-53.884705,4.9922786,
-43.008648,31.5711,
30.07343,26.198055,
-51.24989,5.31616,
37.56458,-39.279415,
48.336624,1.851728,
-25.613478,40.34462,
26.623255,14.914345,
42.038322,14.155337,
-33.22568,15.779004,
-10.625859,10.820587,
42.63537,-40.137386,
2.2354002,-22.7866,
4.342008,-19.35849,
-18.176363,5.9358525,
34.349865,25.54031,
-7.6034117,-39.27604,9.0
30.95779,20.326632,
-55.9574,4.808145,
12.046053,-10.722102,
-17.27274,39.953907,
-36.65487,37.47764,
32.803867,-35.392887,
17.548225,-28.49847,
38.485493,5.1788616,
3.8267887,-18.494675,
-33.352,40.33994,
-45.148563,-3.1551054,
-22.939804,43.64186,
-11.061118,-51.77806,
56.081455,8.662455,
-3.6840918,29.020159,
-40.015472,4.1226106,
44.832943,-39.20436,
-12.568618,-44.119076,
-13.248613,-53.30225,
26.533146,-22.861952,
8.51771,-9.148157,
-13.498365,38.530216,
44.838554,14.544357,
-8.413164,11.252441,
4.0787735,16.710434,
34.773285,16.783506,
51.285133,8.462087,
35.650524,-16.070358,
34.65048,-35.517277,
25.863733,-29.933445,
33.149834,-21.246405,
45.41363,-34.8968,
-11.445212,1.1240077,
-57.196243,-1.2500654,
-43.85843,33.5649,
-32.5798,7.4555726,
-47.154346,31.427448,
-12.162909,7.0798507,
-11.31112,-44.794144,
-24.154476,-54.951897,
-9.048353,-44.51241,
-13.128136,-48.034748,
3.504018,-29.076258,
34.758762,-39.79074,
-24.54567,20.7913,
-13.076431,7.181368,
-41.112965,-4.577292,
32.718037,3.8265765,
-26.17486,39.304474,
-34.639557,11.145454,
2.5468988,4.0283656,
41.779602,-28.751822,7.0
21.179913,-5.7738233,
40.377785,12.748539,
25.23756,-16.348888,
-14.268935,-52.942574,
15.842816,-20.038979,
-0.3671599,-6.610028,
43.824028,-35.40456,
34.194565,-38.357796,
-35.291496,40.901382,
2.6278934,-16.337154,
35.19908,-38.699768,
-6.6281977,-25.561813,
31.750055,-24.117569,
-7.172243,-48.98132,
-11.565949,37.193836,
5.275713,3.2548163,
-24.777987,42.801052,
-41.33822,26.65334,
39.53468,10.641751,
-50.004883,-2.4430604,
-22.946028,40.768303,
42.46885,-35.92411,
-0.06430532,17.651802,
1.6892583,-10.288097,
46.666725,7.475637,
-39.095535,4.494522,
-43.25485,32.617798,
30.991703,14.830957,
34.342014,-32.77302,
-30.90511,39.286804,
4.772404,21.481422,
28.592337,4.113162,
-16.741644,25.379189,
44.65398,11.973781,
-43.23064,-5.932661,6.0
26.323057,-18.283083,
-20.239046,7.015072,
7.084246,-12.209471,
-33.851387,36.75975,
36.415775,-31.741869,
3.6417503,-33.048664,1.0
-10.412648,-40.265644,
-5.3586974,-40.577118,
3.390799,5.5352807,
36.483242,3.4487374,
54.967136,6.7116895,
3.3951242,-38.13414,
-16.590406,39.398426,
-0.62640405,26.703257,
-37.95506,27.705273,
-43.80321,33.085327,
45.28277,6.058042,
25.205965,-28.728424,
13.623034,-9.941634,
33.817944,-21.803282,
-54.746456,-8.547151,
-19.721794,-35.99502,
19.812439,9.385387,
-58.228413,0.8256561,
-19.324312,-46.26399,
49.17043,2.11365,
0.6409332,21.961584,
16.405233,-8.887808,
49.173096,1.7989097,
-19.502857,24.80727,
-54.135788,4.2010875,
3.8457901,26.763954,
-15.039701,23.542334,
-13.465971,-49.46351,
40.28282,22.322973,
-30.243557,15.417372,
-17.302532,41.177937,
-18.440174,6.3063893,
13.322005,-13.43843,
19.45446,11.544625,
-28.573204,38.992134,
-13.265735,1.3647414,
42.196697,-26.986654,
-0.33456594,-0.22274092,
33.37685,-17.379877,
-20.84814,-47.28074,7.0
-12.017666,5.6919937,
-24.601349,4.497202,
34.025055,21.702328,
37.80442,-0.7918927,
-12.346468,8.264977,
-55.647465,-3.3723242,
8.790774,-27.149363,
-19.589483,23.879005,
-1.9034376,27.643682,
30.01518,27.18652,
-40.868744,-7.995719,3.0
-9.922562,-50.52008,
5.64617,-37.176414,
-14.062724,8.761512,
10.71423,-31.719608,
6.7925253,16.373507,
2.4237163,16.626549,
15.9204,0.3734467,
5.7990217,17.914175,
3.5313938,-35.209995,
-13.352438,-39.637093,
27.979397,8.0286455,
16.816618,-17.686962,
-50.84582,12.550162,
-32.546593,16.564522,
-10.8147135,-46.523243,
-44.411808,-1.6665964,
12.855271,-17.287441,
-45.62775,20.731237,
4.280328,27.411911,
-4.974105,-26.249609,
-14.102112,6.2777815,
-35.070343,-3.1267836,
-40.325115,27.127575,
25.166176,-18.755032,
-36.759014,32.51411,
-6.4414816,-39.24159,
-4.169966,-23.973778,
0.14490096,17.718136,
-40.409027,26.272171,
-53.20014,7.1561747,
-27.425314,16.509068,
-18.268316,22.457794,
-20.323477,8.465722,
49.83313,-1.65924,
11.74299,1.0622696,
-36.618416,-0.18786688,
-33.148434,15.8117,
10.07935,-1.4867142,
-47.052074,-1.3374876,
16.238611,-11.189412,
-21.26853,38.00512,
-47.367542,29.534092,
-45.928913,29.218695,
27.358648,3.7320502,
-46.1469,29.71076,
40.42564,-35.27432,
29.46107,11.216574,
25.637503,-31.114727,
-42.68864,-8.09401,
-21.922129,21.424307,
-19.258955,-52.797115,
-57.742733,-0.9356318,
-43.87506,3.2526755,
-5.308351,-21.04341,
-37.261375,-6.010418,
-30.38305,14.267486,
40.57185,8.06085,
22.180431,-33.789352,9.0
39.33665,14.636996,
-44.46121,29.11448,
25.625216,9.475026,
29.592031,-4.075103,
-18.229778,7.3715644,
13.845214,-8.444567,
24.259048,-35.91572,
-56.01278,-4.1713414,0.0
37.15913,8.485166,
32.011818,-34.773064,
-35.479588,42.88174,
-36.887936,38.28891,
-22.787153,38.145004,
50.631104,2.9708328,
45.13424,-35.26826,
54.688404,7.5507402,
32.610172,-19.558617,
51.48099,12.574313,
-55.69632,10.186774,
4.8410263,-24.3793,
-12.985466,-44.752796,
36.060528,14.175623,
13.724473,-21.98761,
-10.444641,10.903991,
3.687519,-14.626496,
25.079268,-24.934893,
18.300444,-17.242891,
-56.651325,14.1777115,
14.121742,16.615992,
-29.976057,16.935974,
-4.386581,-25.439829,
5.4166126,1.5799153,
38.409054,-15.470843,
5.5692353,-2.481785,
17.422424,-20.443913,
7.345234,-4.458455,
-35.842247,-3.7889636,3.0
-34.63463,42.55382,
-38.902973,34.479515,
4.90189,-1.9056895,
46.3999,7.48646,
43.22668,13.811502,
32.246017,27.200504,
-46.74272,19.22472,
-25.76857,36.170708,
22.326126,7.3831916,
-16.745075,-55.922333,
4.105892,-1.7749233,
-18.421663,-44.35146,
-18.683947,-44.839035,
37.545246,-1.024376,
-17.650934,20.895437,
-0.017110474,22.99018,
38.09155,-39.549572,
41.81315,19.540062,
27.365345,3.4181695,
-44.24421,5.5749974,
-54.527588,-3.5861356,
48.126522,7.9203153,
5.1170344,17.607925,
15.253982,-28.382477,
-23.499325,-54.964226,
51.61792,8.179743,3.0
-8.358737,-49.16042,
40.972122,-37.416225,
-12.212708,-39.163574,
31.756721,-19.994741,
25.846455,14.048342,
-2.4461427,-23.032087,
-44.881397,-6.0343914,
-17.560207,42.46736,
-58.710556,5.5575986,
5.4214807,23.544147,
13.000485,-12.563673,
10.9210005,-28.553,
9.011472,30.162676,
-46.123672,-4.4487615,
35.931297,14.954318,
17.481234,-8.8099785,
-35.457138,33.011436,
-1.0163548,-9.078013,
27.565592,-24.077854,
-37.713757,28.378101,
13.4763155,-11.936542,
34.6646,19.684877,
46.84256,7.188781,
-21.489004,43.570717,
26.878895,-17.122425,4.0
34.32527,-31.019844,
35.398796,-34.67886,
24.701597,-14.168682,
-38.568768,33.67515,
24.883123,-32.35255,
19.18068,13.2323885,
-34.139484,9.112158,
-39.77571,24.548399,
27.96054,-18.11098,
-7.283674,-50.865654,
46.99351,0.8486616,
-31.322906,38.251816,
-22.301563,-52.935593,
5.6060715,16.713398,
-11.390479,36.075703,
-27.695547,37.90066,
50.709496,-1.6319023,
51.573467,4.256372,
-14.3229885,-54.28141,
-53.680244,-5.4797573,
14.013905,-17.805235,
-8.437735,-40.800682,
-46.52712,-1.439455,
-47.38072,19.072023,8.0
35.549442,19.110199,
-11.4107685,4.3311834,
32.42119,-1.1322223,
40.503223,-34.125126,
-28.762217,32.86986,
-43.918495,14.568852,
44.919636,-37.101902,
35.095863,18.331617,
-45.6123,14.541156,2.0
4.18675,-32.72948,
6.469473,29.892406,
-33.544594,6.4840846,
-45.742374,30.308792,
-26.288261,21.132206,
-6.7799525,-26.487894,
15.250933,-10.167934,
19.10189,-26.197466,
5.4294124,21.519075,
34.553757,5.0220647,
-17.302948,37.478268,
29.2632,-14.514861,
-29.119158,21.07563,
-18.164076,-39.071312,
-2.8008733,26.23432,
9.948885,-33.538048,
29.820938,22.685102,
45.97149,-36.518845,8.0
-12.414331,41.68772,
-10.844703,-43.29466,
12.899517,0.14062558,
-11.147965,4.92305,
-13.565067,-1.7346007,
31.455278,7.1540546,
-28.89564,16.111195,
-15.568426,-53.715603,
-17.313263,0.41484872,
-18.309849,37.307735,8.0
-44.031273,29.997766,
50.31069,8.489834,
24.685802,22.81486,
15.644819,6.8396406,
-12.914779,39.880745,
2.4301958,-1.8323523,
-30.792826,11.869486,
50.9571,6.111111,
10.061491,0.9383261,
21.482819,9.861604,
-17.100523,20.715467,
42.229935,17.28182,
-36.53362,-3.8538136,
40.309555,22.0527,
-18.302576,20.985384,
23.80409,14.043492,
-28.938816,17.821665,
-29.047594,35.524384,
3.9072297,-3.49123,
5.7739005,24.658762,
49.884808,12.539966,
55.974182,7.812316,
30.38401,19.817858,
27.738106,6.7174716,
-45.84655,-4.424338,
-54.855286,8.72901,
-38.72588,-4.242192,
-12.451565,40.020245,
51.96754,14.663263,
-33.205154,5.7830973,
28.560333,20.665968,
-16.465612,8.225026,
6.142872,-23.295855,
-14.780969,3.2091315,
-13.539723,38.54618,
17.565918,2.259944,
40.501617,-33.796684,
-42.947495,30.081783,
13.854128,8.514121,
-1.8099676,-19.778776,4.0
13.462159,-11.204502,
14.442973,-32.202847,
27.647095,-19.060516,
-46.527756,22.242392,
-41.688625,28.389524,
45.292633,2.5468307,
-34.555065,6.468297,
28.472486,15.110857,
-16.110918,21.97137,
15.344902,9.197221,
45.385582,3.6339705,
33.526894,-0.11329726,
-31.794247,13.279122,
-0.8407934,-28.404926,
-40.094086,30.894749,
-53.44679,10.599151,
15.5983925,2.3864768,
38.819622,-18.27583,
-5.1710157,-22.804132,
-18.72563,36.635685,
-55.068447,4.671883,
5.2694683,20.008484,
13.536668,4.448324,
45.511917,-36.558655,
-34.476418,11.242567,
-46.17218,33.238056,
33.825123,-35.021736,
40.20544,8.374788,
32.835365,0.19097854,
-17.468634,24.879152,
-44.265,-1.5883929,
23.290365,-22.72181,
-45.952927,11.412172,
17.9111,7.8147793,
10.439961,-27.555317,
1.7693228,-25.728552,
31.285982,-2.172766,
23.988089,22.768492,
51.01907,14.663508,
-14.134408,-38.951748,
-57.500774,4.4986014,
-5.480427,-26.583557,
16.778912,-11.036125,
9.411434,0.07907164,
37.13705,-15.744171,
34.69137,-16.444185,
5.2707276,18.588411,
25.452658,31.647062,
8.364086,-4.3928237,
-1.6778884,-31.75646,7.0
28.072338,15.267582,
-34.110382,36.707962,
9.423878,-28.326181,
-31.22061,36.30204,
31.642582,-35.315346,
0.49015296,-13.131654,
-37.73409,-4.034823,
-54.00866,-1.8163729,
-38.656807,32.940598,
32.850204,20.419394,
-41.438976,-8.314154,
-38.569305,-4.4039073,
25.090536,14.738699,
-39.394447,12.416055,6.0
-53.60451,-1.8965263,
-7.7698846,7.8453298,
-56.974575,-4.1925774,
3.260349,28.78516,
17.38845,4.368497,
-36.22378,34.487198,
39.20108,5.024438,
-56.196777,0.49797702,
-34.795048,28.820154,
1.4276627,-36.342384,
-48.060738,7.1749477,
22.77009,-32.68991,
14.54425,-14.926723,
19.62641,6.027462,
20.122658,-6.9234185,
-0.8048433,-30.991959,
-50.904057,1.73455,
-40.531986,-0.4209127,
-44.741417,11.2290325,
-51.138943,18.202074,
17.94214,-21.905449,
-27.096304,19.265821,
-10.781674,6.0633483,
16.693817,15.365936,
3.3771944,27.906305,
35.284298,-15.950137,
-48.493317,6.7182813,
46.438534,-32.82921,
-1.7371899,28.27762,
50.877262,5.8632894,7.0
42.949978,10.5234995,
39.724113,-32.338745,
44.452305,-35.3197,
-8.300463,-39.787212,
16.980185,-21.564539,
31.453524,19.00373,
46.918964,5.3882513,
-54.981667,13.376293,
-17.814219,-40.45912,
31.452847,-24.280178,8.0
-50.58205,-5.0520597,
-59.14592,9.204515,
33.886345,-15.554776,
-20.225756,7.235752,
36.171906,13.563798,
32.64129,19.954138,
34.368294,-15.336716,
31.775791,-18.971727,
-20.64323,20.987904,
20.793413,-14.083344,
13.060029,-11.095392,
43.792824,14.738543,4.0
15.234846,8.192284,
0.23122832,-6.387218,
4.7323813,21.337797,
37.46668,-34.374393,
-19.998915,4.3882265,
0.6458822,-33.39498,
15.913297,-10.523102,
-39.90048,-6.6094413,
7.1777673,29.667213,
33.747253,-19.03135,
-59.30215,0.280357,
5.1524653,3.8661172,1.0
-18.180355,25.902905,6.0
-5.6011033,-27.458801,
47.03481,1.195645,
3.9187462,3.327903,
11.573281,-15.384747,
34.274605,6.5830245,
-30.033985,37.05337,
-52.398663,-3.7253745,
0.2175818,-17.672787,
15.471785,7.6135902,
-4.341602,-22.701916,
1.181606,28.21852,
-34.694275,31.787,
34.374245,24.0112,9.0
-23.252707,35.213314,
-0.037844628,18.701393,
1.0441746,26.882318,
27.832333,-22.268427,
47.639038,7.9359965,
0.3987158,-11.434267,
-27.627275,15.434592,
-30.759497,12.804627,0.0
-47.03254,-4.3806663,
-23.097923,40.04668,
-35.567993,31.483515,
32.270557,-24.48712,
-20.591177,42.37966,
44.591747,16.062918,
-20.17421,6.6400676,
44.64066,0.24802674,
4.353121,-14.329566,3.0
-8.235835,-46.59122,
-40.2933,-0.038002487,
-32.16149,40.783,
15.467418,-28.931408,
29.728043,27.065367,
16.488531,12.631212,
37.674885,10.382697,
13.082323,8.645951,
-5.3927116,-28.017923,
-15.491161,-56.55291,
10.72003,2.8928137,
22.612535,3.334514,
25.21118,22.007196,
46.466106,3.733754,
22.025467,7.3651214,
42.702972,9.10819,3.0
-54.459953,-5.3258033,
-31.193626,16.351658,
32.58048,0.37474328,
8.801044,-11.860721,
37.0218,21.504934,8.0
-17.330114,42.654484,
-5.208832,27.99641,
-24.661537,4.44111,
-15.305759,22.20573,
34.602634,15.336997,
-53.79919,-4.593449,
3.5410225,-29.045403,
-19.198782,3.3610609,
31.071445,-23.227692,
-46.128723,9.28688,
35.73332,-40.123333,
16.542301,-12.838829,
-53.92479,-5.7313766,3.0
-9.702902,-39.306004,
-6.662377,-41.14435,
-20.606588,-51.335987,
-7.2783566,8.558138,
0.6787292,29.499603,
-4.824751,-23.893349,
42.084244,-36.776447,
17.33313,-14.80828,
33.221085,-15.683318,
-7.4738383,-49.142612,
35.213684,18.181356,
17.135986,-14.174245,
47.640667,-32.1438,
32.38294,-20.311764,
36.1587,-34.20327,
-36.025127,39.971443,
-26.724737,42.91306,
-36.048023,-2.4409409,
-13.087998,-47.402065,
35.739952,17.852673,
25.667284,-30.59079,
-11.658426,6.612026,
-36.543324,9.767295,
56.378803,10.089958,
0.6138257,21.809786,
-56.51154,-3.2403371,
-58.867775,-1.0359218,
-11.094204,2.4844084,
-52.411747,-2.358405,
2.045294,-2.6994622,
-29.593588,34.632214,
-21.648268,-53.091877,
21.273232,-6.7139263,
35.305378,-16.352232,
32.500084,-22.326847,
-37.83667,13.135618,
2.8478603,-17.456778,
-39.40096,5.798098,2.0
-46.4624,21.496655,
-13.262062,-50.637318,
21.634497,13.45629,
-45.522045,-4.4610825,
-30.299086,38.308033,
-10.583436,-42.299164,
-10.605714,1.1833113,
-31.664587,12.786278,
21.205605,9.792495,
17.453928,12.755286,
0.9169581,-33.64111,
19.503263,2.3360827,
-20.69464,19.397173,
49.35755,-1.8823313,
5.7812147,28.096512,
38.91707,10.565706,
46.289883,5.039582,
-59.730896,1.5012915,
32.90503,3.7963119,
7.8464894,-16.260696,
38.67193,18.799198,
11.854024,-10.757029,
40.46723,-35.354004,
2.9500792,3.7568493,
-25.5474,44.311195,
3.9485168,-13.512088,
32.51473,-33.958935,
41.481052,-36.247196,
5.1150074,26.505224,
50.401485,10.722817,
-22.01353,39.70031,
44.16425,2.1089933,
32.99418,-33.98986,
-37.309708,-3.9861505,
-26.115566,36.215504,
48.641914,-2.5730715,
31.848177,-1.9211464,
-32.745605,36.95571,
4.7061405,2.0359995,
11.099101,-26.441912,
7.8604813,-16.198233,
-47.040768,30.119917,
-24.439232,-52.72312,
-30.356945,42.395855,
20.260656,6.4019523,
7.9970255,-37.637005,
-14.514722,4.5829544,
-41.346394,23.129503,
-18.918514,10.074361,
-45.888206,19.07449,
25.725164,31.347132,
33.990044,6.2536607,
23.314827,-35.79384,
-6.155337,-51.87575,
31.525564,-22.112133,
-42.976933,-1.2549707,
15.046717,-30.959465,
16.830263,11.30728,
-28.684137,37.365627,
-36.826637,33.936405,
-56.74935,1.3840898,
24.825565,14.710109,
-18.856339,39.996777,
-57.09246,-1.5223489,
-21.53881,-51.109386,
-1.2597051,26.97966,
-28.838982,44.27246,
-52.789257,-6.7597313,
47.741367,-0.87236303,
44.918484,4.6963506,
47.55988,2.4182837,
0.51976484,-9.169395,
-15.192903,24.195148,
43.58612,-34.04619,
0.69857025,-8.024602,
-14.037723,7.923279,
42.81572,0.9312211,
1.2632954,28.939095,
-17.02788,-55.814228,
4.155344,-24.014631,9.0
-18.359205,-40.91658,
4.8728204,-3.1646194,
1.4044987,-37.09529,
3.3704066,-35.922478,
37.812855,12.160268,
42.274273,5.1275415,
44.071568,-40.155178,
23.589235,-36.585484,
11.641056,-16.1629,
41.409546,-33.849598,
-15.107727,-55.85565,
7.5421963,-4.3537507,
11.987678,-16.56969,
39.12125,4.8011246,
-6.419533,-26.866005,
5.6387806,-38.92859,0.0
-20.361504,4.9053664,
-57.37429,11.46032,
-0.31965187,-31.191608,
5.82215,3.6851363,
2.6985583,28.2466,
29.061161,-11.82721,
33.55327,-34.596786,
51.82193,-2.7217832,
25.0056,-28.410604,
46.127846,-33.66893,
-48.63933,1.5092273,
46.453163,-30.84082,
-50.952946,6.045758,
12.517847,-13.636114,
50.21252,10.376753,
-21.36141,21.13217,
25.402029,31.774235,
-19.309818,22.375286,
29.240421,21.985025,
20.429754,5.1533213,
47.47435,-36.017727,
-16.79956,41.03782,
18.261995,13.559582,
-11.249548,36.4392,
-10.899578,-50.706593,
18.348314,-7.970566,
-8.439973,11.289326,
24.617342,-28.275259,
-46.677505,7.8196926,
42.21371,4.739109,
-13.80935,-41.78643,9.0
-38.673058,2.7377336,
1.5618676,-6.9783397,
50.18308,16.191103,
2.4617715,19.913294,
32.4194,7.649418,
50.180088,16.90661,
2.5460126,-2.3440883,
-17.481869,-40.244434,
-55.842937,7.8306856,
-56.96006,9.740122,
36.027958,-16.338747,
-15.200453,-48.53106,
18.727554,-16.39598,
-22.79751,37.235565,
-37.864048,34.389904,
11.891056,-28.211782,
-49.921604,5.378577,
-1.2669237,-32.366135,
-15.580748,7.648757,
3.45904,28.221165,3.0
-37.19522,-5.2466416,
3.2128136,11.939176,
32.488247,9.028836,7.0
-48.413326,-4.3580885,
36.67387,-14.118985,
17.293736,-15.227562,
-26.425556,24.343254,
-15.931932,-44.495842,
-43.367786,15.014287,
15.687728,9.0482235,
-1.0613499,1.1173737,
-48.797894,3.6398516,
-36.35839,6.7005606,
-16.02251,7.5262876,
-20.87436,22.151253,
-20.795683,-47.52479,
-56.515392,-5.8214846,
-49.240723,4.7278404,
-49.202225,1.2923315,
-20.533962,-45.47228,
6.974379,-2.5420916,
29.67864,26.020233,
17.485962,5.527576,
-20.65018,-53.38913,
-54.378937,-3.3226197,
-47.98087,-3.7873805,
14.970624,-31.532808,
43.08028,-31.838179,
9.946108,-29.711895,
49.771263,-0.5433372,2.0
-35.238087,7.952537,
4.655884,24.16323,
15.201288,4.7611356,
33.536217,25.036402,
-39.668907,28.84183,
34.711468,-30.480263,
26.136627,-29.546255,
-19.117708,-49.20731,
-54.50028,-9.260397,
-1.4583955,-30.950264,
-24.315798,44.246323,
-57.247654,5.447105,
26.948124,12.2898035,
-19.496117,-52.96226,
-36.53617,-1.667725,
-46.17351,2.7802832,
6.4258327,-16.42352,
-13.827862,2.364385,
-10.589903,3.8810477,6.0
45.982517,-28.040564,
39.946655,-31.192312,
-13.188903,40.037537,
7.574095,-27.981598,
-40.867737,23.004908,
4.018701,30.255442,
-52.8638,13.145931,
-48.198647,17.432726,
13.00629,4.2596774,
40.74233,7.714547,
-47.346333,-4.06185,
-18.781898,-53.280655,
39.413074,18.711443,
-56.57495,9.816843,
21.441502,-35.34887,
25.432056,-22.126562,
-49.098637,13.388662,
-0.95398337,-1.9417036,
-14.147673,-39.404705,
1.7013433,28.80256,
37.307083,-39.6317,
23.57999,23.949678,
-52.96685,9.323208,
23.739363,21.33921,
-36.7267,14.680343,
-20.391111,-53.429634,
16.863213,9.399446,
-18.103302,-45.100456,7.0
1.7192374,-7.085488,
21.800562,13.532578,
-49.418564,1.3163153,
17.520916,9.80258,
32.665092,-37.30961,
42.90213,-39.90981,
-57.58536,0.38855228,
46.334614,-36.201206,
-15.369879,-38.653168,
47.087303,-32.78079,
4.70163,27.670286,
-13.166092,-41.033466,
37.9689,-32.83121,0.0
19.735674,0.80167365,4.0
21.836323,5.159265,
31.8575,24.788492,
0.14871368,-30.781927,
-13.082779,-38.30525,
-10.797754,-51.265335,
40.477375,7.641671,
-16.373945,37.60081,
46.591366,-36.50223,
-27.103498,37.18602,
46.35568,15.394636,
-33.77173,-2.9217303,
-21.563126,-52.621983,
17.62259,8.054479,
-55.285374,-6.4173503,
6.8170476,29.0874,
5.4170995,16.409481,
5.529454,-38.139534,5.0
31.153492,-10.402068,
32.290997,-17.448019,
-24.32016,39.4747,
-34.115635,35.39798,
-11.424768,3.9871252,
36.49304,11.846314,
-22.070478,39.243393,
3.341075,-6.4360976,4.0
-1.373141,-1.6170322,
-44.872574,11.356504,
-33.71669,7.6605206,
-38.798088,-5.632001,
42.141663,1.0553663,
-7.0134783,-48.79726,
19.200762,7.9473743,
11.107291,-31.313437,
-33.70959,1.1711664,
46.343662,-29.311638,
-12.295426,-45.39538,
-33.768726,41.83185,
-21.743528,36.84338,
54.950207,15.337407,5.0
-45.916805,33.89711,
-29.605114,37.5847,
31.06475,25.67339,
50.854263,8.091789,
13.510456,12.272358,
4.2838845,30.429144,
5.5200205,29.906921,
19.402042,13.432015,
26.316618,-35.89298,
8.994588,-35.315487,
37.973095,-6.548634,
-12.485835,-53.101974,
-38.959156,3.116297,
42.85698,-39.483776,
-31.796392,7.924421,
-21.005768,-47.786003,
-14.176979,6.684633,
26.221199,-24.10896,
5.189377,-16.396034,
-50.76092,14.881371,
-44.89338,19.579494,
2.1307628,-19.349285,
44.618885,-37.174778,
-48.381145,-2.6499705,
-54.458492,10.415315,
-20.782627,19.238646,
29.405684,-14.426896,
-14.275013,-1.2879168,
12.2082615,-3.1412907,
33.42603,-12.856311,
-5.632139,-29.048292,
25.132244,-34.50966,
34.009968,-17.580019,
-47.766155,29.208231,
3.0288427,27.36356,
36.62764,11.437359,
-15.181486,21.700388,
3.5730755,1.9834577,
34.640392,14.561225,
-58.96005,-0.28855586,
5.122154,25.97672,
0.30326337,-4.1436834,3.0
6.266277,20.627584,
-28.134636,17.316687,
-25.318405,32.360493,
-12.419296,-54.155544,
53.094738,9.29603,
-21.410034,40.002796,
-34.093933,9.124292,
-24.648373,-53.30211,
-18.590498,39.289543,
-45.748295,20.2304,
-22.069046,41.959854,
35.271263,20.258316,
-37.70397,32.15945,
6.907538,-19.67479,
-49.51021,6.536926,
-26.05292,38.925354,4.0
26.442425,18.51342,
2.287447,13.324362,
18.184128,-16.01614,
-42.204296,23.225069,3.0
29.187883,21.948954,
-14.907224,4.443051,
-18.440237,38.186493,
6.8549633,20.256153,
6.8658924,0.20579368,
-17.136236,-55.599464,
-52.729015,2.1414745,
-0.6694544,-10.414262,
-22.403963,-49.457417,
-9.886807,6.6342916,
8.5940485,-9.186614,4.0
52.899563,8.286163,
13.388175,-11.020389,8.0
32.56085,23.114916,
-45.552467,19.067984,
-55.2796,-7.548632,
-11.734818,-50.855404,
5.3853917,-33.84453,
48.82386,3.121168,
-26.63571,34.355083,
14.452063,-1.2950252,
-41.581398,27.799856,
6.2967362,19.762213,
7.958742,-17.434408,
-29.090353,15.12998,
19.418571,2.2564385,
42.545723,-32.21946,
16.949726,-15.3659315,
-29.88354,36.454823,
14.374859,-32.263504,
